{
  "personal": {
    "name": "Ibrahim Mohamed Hafez",
    "title": "AI Engineer | Full-Stack Developer | STEM Student",
    "tagline": "Transforming ideas into intelligent solutions through cutting-edge technology"
  },
  "about": "Results-driven AI Engineer and Full-Stack Developer with a proven track record in developing machine learning solutions for healthcare and building responsive web applications. Currently pursuing STEM education at Onsy Barakat High School with a strong focus on artificial intelligence, computer science, and software engineering. Passionate about leveraging technology to solve real-world problems and committed to continuous learning in the rapidly evolving tech landscape.",
  "skills": [
    {
      "id": "skill-1",
      "name": "Python",
      "category": "Programming",
      "proficiency": 85,
      "description": "Advanced proficiency in Python for AI/ML and backend development"
    },
    {
      "id": "skill-2",
      "name": "JavaScript",
      "category": "Programming",
      "proficiency": 80,
      "description": "Strong JavaScript skills for full-stack development"
    },
    {
      "id": "skill-3",
      "name": "C++",
      "category": "Programming",
      "proficiency": 70,
      "description": "Solid understanding of C++ for systems programming"
    },
    {
      "id": "skill-4",
      "name": "HTML",
      "category": "Web Development",
      "proficiency": 90
    },
    {
      "id": "skill-5",
      "name": "CSS",
      "category": "Web Development",
      "proficiency": 85
    },
    {
      "id": "skill-6",
      "name": "React",
      "category": "Web Development",
      "proficiency": 80,
      "description": "Building modern, interactive user interfaces"
    },
    {
      "id": "skill-7",
      "name": "Node.js",
      "category": "Web Development",
      "proficiency": 75,
      "description": "Backend development with Express and REST APIs"
    },
    {
      "id": "skill-8",
      "name": "TensorFlow",
      "category": "AI & Machine Learning",
      "proficiency": 75,
      "description": "Deep learning model development"
    },
    {
      "id": "skill-9",
      "name": "PyTorch",
      "category": "AI & Machine Learning",
      "proficiency": 70,
      "description": "Neural network implementation and training"
    },
    {
      "id": "skill-10",
      "name": "OpenAI API",
      "category": "AI & Machine Learning",
      "proficiency": 80,
      "description": "Integration of AI capabilities into applications"
    },
    {
      "id": "skill-11",
      "name": "Figma",
      "category": "Design",
      "proficiency": 75,
      "description": "UI/UX design and prototyping"
    },
    {
      "id": "skill-12",
      "name": "Photoshop",
      "category": "Design",
      "proficiency": 70,
      "description": "Graphic design and image editing"
    }
  ],
  "experience": [
    {
      "id": "exp-1",
      "title": "AI Lab Intern",
      "organization": "AI Lab",
      "startDate": "2024-01",
      "endDate": "Present",
      "description": "Developed AI models for healthcare analysis",
      "highlights": [
        "Built machine learning models for medical data analysis",
        "Collaborated with healthcare professionals to understand requirements",
        "Implemented data preprocessing pipelines",
        "Achieved 85% accuracy in diagnostic predictions"
      ]
    },
    {
      "id": "exp-2",
      "title": "Web Developer",
      "organization": "Freelance",
      "startDate": "2023-01",
      "endDate": "Present",
      "description": "Built responsive websites for clients",
      "highlights": [
        "Developed custom websites using React and modern web technologies",
        "Implemented responsive designs for optimal mobile experience",
        "Integrated backend APIs and databases",
        "Delivered projects on time with high client satisfaction"
      ]
    }
  ],
  "education": [
    {
      "id": "edu-1",
      "degree": "High School Diploma - STEM Focus",
      "institution": "Onsy Barakat High School",
      "date": "2025",
      "description": "STEM-focused education in Dakahlia, Egypt with emphasis on computer science and mathematics"
    },
    {
      "id": "edu-2",
      "degree": "Online Courses",
      "institution": "Coursera & MIT OpenCourseWare",
      "date": "2022-Present",
      "description": "Self-directed learning in AI, Machine Learning, and Web Development"
    }
  ],
  "projects": [
    {
      "id": "proj-1",
      "title": "Healthcare AI Diagnostic System",
      "description": "Developed an advanced machine learning system for medical data analysis and diagnostic insights during internship at AI Lab. Implemented data preprocessing pipelines and neural network models that achieved 85% accuracy in early disease detection, potentially improving patient outcomes through faster diagnosis.",
      "categories": ["AI/ML", "Healthcare"],
      "technologies": ["Python", "TensorFlow", "Pandas", "NumPy", "Scikit-learn", "Flask"],
      "links": {
        "github": "https://github.com/Ibrahim-Hafez/healthcare-ai"
      }
    },
    {
      "id": "proj-2",
      "title": "Interactive Professional Portfolio",
      "description": "Designed and developed a modern, full-stack portfolio website featuring smooth animations, responsive design, and dynamic content management. Built with React and TypeScript for the frontend, Node.js/Express for the backend, with features including project filtering, contact form with email integration, and downloadable CV generation.",
      "categories": ["Web Development", "Full-Stack"],
      "technologies": ["React", "TypeScript", "Framer Motion", "Node.js", "Express", "REST API"],
      "links": {
        "github": "https://github.com/Ibrahim-Hafez/portfolio"
      }
    },
    {
      "id": "proj-3",
      "title": "Intelligent Customer Support Chatbot",
      "description": "Created an AI-powered chatbot leveraging OpenAI's GPT API for automated customer support. Implemented natural language processing to handle common queries, provide instant responses, and intelligently escalate complex issues to human agents. Reduced response time by 70% and improved customer satisfaction.",
      "categories": ["AI/ML", "Web Development"],
      "technologies": ["JavaScript", "OpenAI API", "React", "Express", "WebSocket"],
      "links": {
        "github": "https://github.com/Ibrahim-Hafez/ai-chatbot"
      }
    },
    {
      "id": "proj-4",
      "title": "Full-Stack E-Commerce Platform",
      "description": "Built a comprehensive e-commerce solution with complete product management, shopping cart functionality, secure payment processing via Stripe, and user authentication. Implemented RESTful API architecture and responsive design for optimal user experience across all devices.",
      "categories": ["Web Development", "Full-Stack"],
      "technologies": ["React", "Node.js", "MongoDB", "Express", "Stripe API", "JWT"],
      "links": {
        "github": "https://github.com/Ibrahim-Hafez/ecommerce"
      }
    },
    {
      "id": "proj-5",
      "title": "Computer Vision Object Detection",
      "description": "Implemented a real-time object detection system using YOLO (You Only Look Once) algorithm. Trained custom models on specific datasets for applications in security and automation. Achieved real-time processing at 30+ FPS with high accuracy.",
      "categories": ["AI/ML", "Computer Vision"],
      "technologies": ["Python", "PyTorch", "OpenCV", "YOLO", "CUDA"],
      "links": {
        "github": "https://github.com/Ibrahim-Hafez/object-detection"
      }
    }
  ],
  "achievements": [
    {
      "id": "ach-1",
      "title": "AI Innovation Award - Regional STEM Competition",
      "description": "Awarded first place for developing an innovative healthcare AI diagnostic system that demonstrated exceptional accuracy and practical application potential. Recognized among 50+ competing projects for technical excellence and real-world impact.",
      "date": "2024"
    },
    {
      "id": "ach-2",
      "title": "Advanced Web Development Professional Certificate",
      "description": "Successfully completed comprehensive web development certification from Coursera, covering modern frameworks, full-stack development, and industry best practices.",
      "date": "2023"
    },
    {
      "id": "ach-3",
      "title": "Machine Learning Specialization",
      "description": "Completed Stanford University's Machine Learning Specialization through Coursera, mastering supervised learning, unsupervised learning, and neural networks.",
      "date": "2023"
    },
    {
      "id": "ach-4",
      "title": "Open Source Contributor",
      "description": "Active contributor to open-source projects on GitHub, collaborating with developers worldwide and contributing to AI/ML and web development repositories.",
      "date": "2023-Present"
    }
  ],
  "contact": {
    "email": "ibrahim1hafez2@gmail.com",
    "phone": "+20 1094511318",
    "location": "Dakahlia, Egypt",
    "socialLinks": [
      {
        "platform": "LinkedIn",
        "url": "https://linkedin.com/in/ibrahimhafez9",
        "icon": "linkedin"
      },
      {
        "platform": "GitHub",
        "url": "https://github.com/Ibrahim-Hafez",
        "icon": "github"
      },
      {
        "platform": "Instagram",
        "url": "https://instagram.com/ibrahim_hafez9",
        "icon": "instagram"
      }
    ]
  }
}
